{
	"aga_num": 8,
	"year": 2003,
	"table_num": 4,
    "default_value": 0,
	"data": {
		"1": {
			"a": 0.1538326,
			"b": 1
		},
		"2": {
			"a": 1.341953,
			"b": 1,
			"u": 0.5
		},
		"3": {
			"a": -2.998583,
			"b": 1,
			"u": 1
		},
		"4": {
			"a": -0.04831228,
			"b": 1,
			"u": 3.5
		},
		"5": {
			"a": 0.3757965,
			"b": 1,
			"u": -0.5,
			"g": 1
		},
		"6": {
			"a": -1.589575,
			"b": 1,
			"u": 4.5,
			"g": 1
		},
		"7": {
			"a": -0.05358847,
			"b": 1,
			"u": 0.5,
			"q": 1
		},
		"8": {
			"a": 0.88659463,
			"b": 1,
			"u": 7.5,
			"s": 1
		},
		"9": {
			"a": -0.71023704,
			"b": 1,
			"u": 9.5,
			"s": 1
		},
		"10": {
			"a": -1.471722,
			"b": 1,
			"u": 6,
			"w": 1
		},
		"11": {
			"a": 1.32185035,
			"b": 1,
			"u": 12,
			"w": 1
		},
		"12": {
			"a": -0.78665925,
			"b": 1,
			"u": 12.5,
			"w": 1
		},
		"13": {
			"a": 2.29129e-9,
			"b": 1,
			"c": 1,
			"k": 3,
			"u": -6,
			"f": 1
		},
		"14": {
			"a": 0.1576724,
			"b": 1,
			"c": 1,
			"k": 2,
			"u": 2
		},
		"15": {
			"a": -0.4363864,
			"b": 1,
			"c": 1,
			"k": 2,
			"u": 3
		},
		"16": {
			"a": -0.04408159,
			"b": 1,
			"c": 1,
			"k": 2,
			"u": 2,
			"q": 1
		},
		"17": {
			"a": -0.003433888,
			"b": 1,
			"c": 1,
			"k": 4,
			"u": 2
		},
		"18": {
			"a": 0.03205905,
			"b": 1,
			"c": 1,
			"k": 4,
			"u": 11
		},
		"19": {
			"a": 0.02487355,
			"b": 2,
			"u": -0.5
		},
		"20": {
			"a": 0.07332279,
			"b": 2,
			"u": 0.5
		},
		"21": {
			"a": -0.001600573,
			"b": 2,
			"c": 1,
			"k": 2
		},
		"22": {
			"a": 0.6424706,
			"b": 2,
			"c": 1,
			"k": 2,
			"u": 4
		},
		"23": {
			"a": -0.4162601,
			"b": 2,
			"c": 1,
			"k": 2,
			"u": 6
		},
		"24": {
			"a": -0.06689957,
			"b": 2,
			"c": 1,
			"k": 4,
			"u": 21
		},
		"25": {
			"a": 0.2791795,
			"b": 2,
			"c": 1,
			"k": 4,
			"u": 23,
			"g": 1
		},
		"26": {
			"a": -0.6966051,
			"b": 2,
			"c": 1,
			"k": 4,
			"u": 22,
			"q": 1
		},
		"27": {
			"a": -0.002860589,
			"b": 2,
			"c": 1,
			"k": 4,
			"u": -1,
			"f": 1
		},
		"28": {
			"a": -0.008098836,
			"b": 3,
			"u": -0.5,
			"q": 1
		},
		"29": {
			"a": 3.150547,
			"b": 3,
			"c": 1,
			"k": 1,
			"u": 7,
			"g": 1
		},
		"30": {
			"a": 0.007224479,
			"b": 3,
			"c": 1,
			"k": 1,
			"u": -1,
			"f": 1
		},
		"31": {
			"a": -0.7057529,
			"b": 3,
			"c": 1,
			"k": 2,
			"u": 6
		},
		"32": {
			"a": 0.5349792,
			"b": 3,
			"c": 1,
			"k": 2,
			"u": 4,
			"g": 1
		},
		"33": {
			"a": -0.07931491,
			"b": 3,
			"c": 1,
			"k": 3,
			"u": 1,
			"g": 1
		},
		"34": {
			"a": -1.418465,
			"b": 3,
			"c": 1,
			"k": 3,
			"u": 9,
			"g": 1
		},
		"35": {
			"a": -5.99905e-17,
			"b": 3,
			"c": 1,
			"k": 4,
			"u": -13,
			"f": 1
		},
		"36": {
			"a": 0.1058402,
			"b": 3,
			"c": 1,
			"k": 4,
			"u": 21
		},
		"37": {
			"a": 0.03431729,
			"b": 3,
			"c": 1,
			"k": 4,
			"u": 8,
			"q": 1
		},
		"38": {
			"a": -0.007022847,
			"b": 4,
			"u": -0.5
		},
		"39": {
			"a": 0.02495587,
			"b": 4
		},
		"40": {
			"a": 0.04296818,
			"b": 4,
			"c": 1,
			"k": 2,
			"u": 2
		},
		"41": {
			"a": 0.7465453,
			"b": 4,
			"c": 1,
			"k": 2,
			"u": 7
		},
		"42": {
			"a": -0.2919613,
			"b": 4,
			"c": 1,
			"k": 2,
			"u": 9,
			"q": 1
		},
		"43": {
			"a": 7.294616,
			"b": 4,
			"c": 1,
			"k": 4,
			"u": 22
		},
		"44": {
			"a": -9.936757,
			"b": 4,
			"c": 1,
			"k": 4,
			"u": 23
		},
		"45": {
			"a": -0.005399808,
			"b": 5,
			"u": 1
		},
		"46": {
			"a": -0.2432567,
			"b": 5,
			"c": 1,
			"k": 2,
			"u": 9
		},
		"47": {
			"a": 0.04987016,
			"b": 5,
			"c": 1,
			"k": 2,
			"u": 3,
			"q": 1
		},
		"48": {
			"a": 0.003733797,
			"b": 5,
			"c": 1,
			"k": 4,
			"u": 8
		},
		"49": {
			"a": 1.874951,
			"b": 5,
			"c": 1,
			"k": 4,
			"u": 23,
			"q": 1
		},
		"50": {
			"a": 0.002168144,
			"b": 6,
			"u": 1.5
		},
		"51": {
			"a": -0.6587164,
			"b": 6,
			"c": 1,
			"k": 2,
			"u": 5,
			"g": 1
		},
		"52": {
			"a": 0.000205518,
			"b": 7,
			"u": -0.5,
			"q": 1
		},
		"53": {
			"a": 0.009776195,
			"b": 7,
			"c": 1,
			"k": 2,
			"u": 4
		},
		"54": {
			"a": -0.02048708,
			"b": 8,
			"c": 1,
			"k": 1,
			"u": 7,
			"g": 1
		},
		"55": {
			"a": 0.01557322,
			"b": 8,
			"c": 1,
			"k": 2,
			"u": 3
		},
		"56": {
			"a": 0.006862415,
			"b": 8,
			"c": 1,
			"k": 2,
			"g": 1
		},
		"57": {
			"a": -0.001226752,
			"b": 9,
			"c": 1,
			"k": 2,
			"u": 1
		},
		"58": {
			"a": 0.002850908,
			"b": 9,
			"c": 1,
			"k": 2,
			"q": 1
		}
	}
}
