{
	"aga_num": 8,
	"year": 2003,
	"table_num": 6,
    "default_value": 1,
	"data": {
		"1": {
			"2": {
				"E": 0.97164,
				"U": 0.886106,
				"K": 1.00363
			},
			"3": {
				"E": 0.960644,
				"G": 0.807653,
				"U": 0.963827,
				"K": 0.995933
			},
			"4": {},
			"5": {
				"E": 0.994635,
				"U": 0.990877,
				"K": 1.007619
			},
			"6": {
				"E": 0.708218
			},
			"7": {
				"E": 0.931484,
				"U": 0.736833,
				"K": 1.00008
			},
			"8": {
				"E": 1.17052,
				"U": 1.15639,
				"G": 1.95731,
				"K": 1.02326
			},
			"9": {
				"E": 0.990126
			},
			"10": {},
			"11": {
				"E": 1.01953
			},
			"12": {
				"E": 0.989844,
				"U": 0.992291,
				"K": 0.997596
			},
			"13": {
				"E": 1.00235
			},
			"14": {
				"E": 0.999268,
				"U": 1.00367,
				"K": 1.002529
			},
			"15": {
				"E": 1.107274,
				"U": 1.302576,
				"K": 0.982962
			},
			"16": {
				"E": 0.88088,
				"U": 1.191904,
				"K": 0.983565
			},
			"17": {
				"E": 0.880973,
				"U": 1.205769,
				"K": 0.982707
			},
			"18": {
				"E": 0.881067,
				"U": 1.219634,
				"K": 0.981849
			},
			"19": {
				"E": 0.881161,
				"U": 1.233498,
				"K": 0.980991
			},
			"20": {},
			"21": {}
		},
		"2": {
			"3": {
				"E": 1.02274,
				"G": 0.982746,
				"U": 0.835058,
				"K": 0.982361
			},
			"4": {
				"E": 0.97012,
				"U": 0.816431,
				"K": 1.00796
			},
			"5": {
				"E": 0.945939,
				"U": 0.915502
			},
			"6": {
				"E": 0.746954
			},
			"7": {
				"E": 0.902271,
				"U": 0.993476,
				"K": 0.942596
			},
			"8": {
				"E": 1.08632,
				"U": 0.408838,
				"K": 1.03227
			},
			"9": {
				"E": 1.00571
			},
			"10": {
				"E": 1.021
			},
			"11": {
				"E": 0.946914
			},
			"12": {
				"E": 0.973384,
				"U": 0.993556
			},
			"13": {
				"E": 0.95934
			},
			"14": {
				"E": 0.94552
			},
			"15": {},
			"16": {},
			"17": {},
			"18": {},
			"19": {},
			"20": {},
			"21": {}
		},
		"3": {
			"4": {
				"E": 0.925053,
				"U": 0.96987,
				"G": 0.370296,
				"K": 1.00851
			},
			"5": {
				"E": 0.960237
			},
			"6": {
				"E": 0.849408,
				"G": 1.67309
			},
			"7": {
				"E": 0.955052,
				"U": 1.04529,
				"K": 1.00779
			},
			"8": {
				"E": 1.28179
			},
			"9": {
				"E": 1.5,
				"U": 0.9
			},
			"10": {},
			"11": {
				"E": 0.906849
			},
			"12": {
				"E": 0.897362
			},
			"13": {
				"E": 0.726255
			},
			"14": {
				"E": 0.859764
			},
			"15": {
				"E": 0.855134,
				"U": 1.066638,
				"K": 0.910183
			},
			"16": {
				"E": 0.831229,
				"U": 1.077634,
				"K": 0.895362
			},
			"17": {
				"E": 0.80831,
				"U": 1.088178,
				"K": 0.881152
			},
			"18": {
				"E": 0.786323,
				"U": 1.098291,
				"K": 0.86752
			},
			"19": {
				"E": 0.765171,
				"U": 1.108021,
				"K": 0.854406
			},
			"20": {},
			"21": {}
		},
		"4": {
			"5": {
				"E": 1.02256,
				"U": 1.065173,
				"K": 0.986893
			},
			"6": {
				"E": 0.693168
			},
			"7": {
				"E": 0.946871,
				"U": 0.971926,
				"K": 0.999969
			},
			"8": {
				"E": 1.16446,
				"U": 1.61666,
				"K": 1.02034
			},
			"9": {},
			"10": {},
			"11": {
				"U": 1.25
			},
			"12": {
				"E": 1.01306,
				"U": 1.25
			},
			"13": {
				"U": 1.25
			},
			"14": {
				"E": 1.00532,
				"U": 1.25
			},
			"15": {},
			"16": {},
			"17": {},
			"18": {},
			"19": {},
			"20": {},
			"21": {}
		},
		"5": {
			"8": {
				"E": 1.034787
			},
			"12": {
				"E": 1.0049
			}
		},
		"7": {
			"15": {
				"E": 1.008692,
				"U": 1.028973,
				"K": 0.96813
			},
			"16": {
				"E": 1.010126,
				"U": 1.033754,
				"K": 0.96287
			},
			"17": {
				"E": 1.011501,
				"U": 1.038338,
				"K": 0.957828
			},
			"18": {
				"E": 1.012821,
				"U": 1.042735,
				"K": 0.952441
			},
			"19": {
				"E": 1.014089,
				"U": 1.046966,
				"K": 0.948338
			}
		},
		"8": {
			"9": {
				"E": 1.1
			},
			"11": {
				"E": 1.3
			},
			"12": {
				"E": 1.3
			}
		}
	}
}
