{
	"aga_num": 8,
	"year": 2003,
	"table_num": 5,
    "default_value": 0,
	"data": {
		"1": {
			"M": 16.043,
			"E": 151.3183,
			"U": 151.3183,
			"K": 0.4619255
		},
		"2": {
			"E": 99.73778,
			"G": 0.027815,
			"M": 28.0135,
			"K": 0.4479153
		},
		"3": {
			"E": 241.9606,
			"G": 0.189065,
			"M": 44.01,
			"Q": 0.69,
			"K": 0.4557489
		},
		"4": {
			"E": 244.1667,
			"G": 0.0793,
			"M": 30.07,
			"K": 0.5279209
		},
		"5": {
			"E": 298.1183,
			"G": 0.141239,
			"M": 44.097,
			"K": 0.583749
		},
		"6": {
			"E": 514.0156,
			"G": 0.3325,
			"M": 18.0153,
			"Q": 1.06775,
			"K": 0.3825868
		},
		"7": {
			"E": 296.355,
			"G": 0.0885,
			"M": 34.082,
			"Q": 0.633276,
			"K": 0.4618263
		},
		"8": {
			"E": 26.95794,
			"G": 0.034369,
			"F": 1,
			"M": 2.0159,
			"K": 0.3514916
		},
		"9": {
			"E": 105.5348,
			"G": 0.038953,
			"M": 28.01,
			"K": 0.4533894
		},
		"10": {
			"E": 122.7667,
			"G": 0.021,
			"M": 31.9988,
			"K": 0.4186954
		},
		"11": {
			"E": 324.0689,
			"G": 0.256692,
			"M": 58.123,
			"K": 0.6406937
		},
		"12": {
			"E": 337.6389,
			"G": 0.281835,
			"M": 58.123,
			"K": 0.6341423
		},
		"13": {
			"E": 365.5999,
			"G": 0.332267,
			"M": 72.15,
			"K": 0.6738577
		},
		"14": {
			"E": 370.6823,
			"G": 0.366911,
			"M": 72.15,
			"K": 0.6798307
		},
		"15": {
			"E": 402.636293,
			"G": 0.289731,
			"M": 86.177,
			"K": 0.7175118
		},
		"16": {
			"E": 427.72263,
			"G": 0.337542,
			"M": 100.204,
			"K": 0.7175118
		},
		"17": {
			"E": 450.325022,
			"G": 0.383381,
			"M": 114.231,
			"K": 0.784955
		},
		"18": {
			"E": 470.840891,
			"G": 0.427354,
			"M": 128.258,
			"K": 0.8152731
		},
		"19": {
			"E": 489.558373,
			"G": 0.469659,
			"M": 142.285,
			"K": 0.8437826
		},
		"20": {
			"E": 2.610111,
			"M": 4.0026,
			"K": 0.3589888
		},
		"21": {
			"E": 119.6299,
			"M": 39.948,
			"K": 0.4216551
		}
	}
}
