{
	"aga_num": 8,
	"year": 2003,
	"table_num": 5,
    "default_value": 0,
	"data": {
		"1": {
			"M": 16.043,
			"E": 151.3183,
			"K": 0.4619255
		},
		"2": {
			"M": 28.0135,
			"E": 99.737780,
			"K": 0.4479153,
			"G": 0.027815
		},
		"3": {
			"M": 44.01,
			"E": 241.9606,
			"K": 0.4557489,
			"G": 0.189065,
			"Q": 0.69
		},
		"4": {
			"M": 30.07,
			"E": 244.1667,
			"K": 0.5279209,
			"G": 0.0793
		},
		"5": {
			"M": 44.097,
			"E": 298.1183,
			"K": 0.583749,
			"G": 0.141239
		},
		"6": {
			"M": 18.0153,
			"E": 514.0156,
			"K": 0.3825868,
			"G": 0.3325,
			"Q": 1.06775,
			"S": 1.5822
		},
		"7": {
			"M": 34.082,
			"E": 296.355,
			"K": 0.4618263,
			"G": 0.0885,
			"Q": 0.633276,
			"S": 0.39
		},
		"8": {
			"M": 2.0159,
			"E": 26.95794,
			"K": 0.3514916,
			"G": 0.034369,
			"F": 1
		},
		"9": {
			"M": 28.01,
			"E": 105.5348,
			"K": 0.4533894,
			"G": 0.038953
		},
		"10": {
			"M": 31.9988,
			"E": 122.7667,
			"K": 0.4186954,
			"G": 0.021
		},
		"11": {
			"M": 58.123,
			"E": 324.0689,
			"K": 0.6406937,
			"G": 0.2556692
		},
		"12": {
			"M": 58.123,
			"E": 337.6389,
			"K": 0.6341423,
			"G": 0.281835
		},
		"13": {
			"M": 72.15,
			"E": 365.5999,
			"K": 0.6738577,
			"G": 0.332267
		},
		"14": {
			"M": 72.15,
			"E": 370.6823,
			"K": 0.6798307,
			"G": 0.366911
		},
		"15": {
			"M": 86.177,
			"E": 402.636293,
			"K": 0.7175118,
			"G": 0.289731
		},
		"16": {
			"M": 100.204,
			"E": 427.72263,
			"K": 0.7525189,
			"G": 0.337542
		},
		"17": {
			"M": 114.231,
			"E": 450.325022,
			"K": 0.784955,
			"G": 0.383381
		},
		"18": {
			"M": 128.258,
			"E": 470.840891,
			"K": 0.8152731,
			"G": 0.427354
		},
		"19": {
			"M": 142.285,
			"E": 489.558373,
			"K": 0.8437826,
			"G": 0.469659
		},
		"20": {
			"M": 4.0026,
			"E": 2.610111,
			"K": 0.3589888
		},
		"21": {
			"M": 39.948,
			"E": 119.6299,
			"K": 0.4216551
		}
	}
}
